title,company,location,date,job_url,job_description,applied,hidden,interview,rejected,date_loaded
Associate Data Engineer,Metyis,"Istanbul, Istanbul, Türkiye",2024-10-16,https://www.linkedin.com/jobs/view/3962786864/,Could not find Job Description,0,0,0,0,2024-10-19 22:04:30.167090
Full-Stack Developer,Siemens,"Istanbul, Istanbul, Türkiye",2024-10-18,https://www.linkedin.com/jobs/view/4053345428/,Could not find Job Description,0,0,0,0,2024-10-19 22:04:30.167090
Fullstack Developer,Codeway,"Istanbul, Türkiye",2024-10-16,https://www.linkedin.com/jobs/view/3987023042/,"ABOUT CODEWAY
Codeway was founded in 2020 with a vision of turning strong ideas into sector-leading mobile products.
Today, Codeway is a thriving tech company with multiple sector-leading apps, and is home to 230+ bright & curious minds in Istanbul, Turkey.
We create mobile applications that millions of users love. We curate bold ideas and transform them into fast-growing products - from concept, through development, up to global market expansion. Our products have reached over 250 million users across 160 countries in six continents- and we’re just getting started.
If you’re passionate about mobile apps and want to be part of a long-term project, join us and let's build the future together.
POSITION
We are looking for Full-stack Developers to join our team. As a Full-stack Developer, you will work on web projects, on both back-end and front-end.
WHAT YOU’LL BE DOING?
· Analyze, implement, and deliver new features while monitoring and maintaining to offer high-quality software solutions.
· Take full accountability for your work, from start to finish, by identifying any issues and improving our products.
· Maintain a sense of curiosity regarding emerging technologies and trends in the industry, continuously improving your technical skills and knowledge.
· Engage in code reviews to guarantee code quality, performance, and compliance with coding standards.
· Recognize challenges that affect the entire company and strive to elevate the quality standards organization-wide.
WHAT YOU’LL BRING?
· B.Sc. in Computer Science or a similar discipline.
· Experience with NodeJS.
· Experience with JavaScript, HTML, CSS, as well as frameworks like Vue or React.
· Experience with designing and implementing RESTful APIs.
· Experience with version control system(e.g., Git).
· Knowledge of unit/integration testing.
· Good communication and collaboration skills in English, with the ability to work effectively in a team environment.
GOOD TO HAVE:
· Experience in relevant Google Cloud Products (e.g., Pub/Sub, Functions, App Engine).
· Experience with Vue3 and Firestore.
· Experience with caching strategies(e.g., Redis, Memcached).
WHAT’S IN IT FOR YOU?
· Great Place to Work.
 As our top team member, you'll be a part of a fast-growing startup and have the privilege to enjoy our accredited “BEST WORKPLACES” environment, ranked first among all workplaces.
· A Competitive Compensation Package.
 Long story short, we take care of you.
· Quarterly Compensation Adjustment Program. 
Codeway operates globally. So, it is our responsibility to make sure that your global purchasing power stays the same, or only goes up.
· A meal compensation
 that is actually enough for a decent & nutritious lunch, we’re not following the industry standard.
· Full Health Benefits.
 To keep you away from all the trouble, we provide unlimited private health insurance and cover the HPV vaccine.
· Pet Adoption Support.
 We cover the primary healthcare expenses, parasite vaccinations, and microchip costs that may arise within the first year after employees adopt a pet.
· Cool tech stack.
 A brand new Macbook, iPhone 15 Pro, magic mouse, magic keyboard; an adjustable desk with a 4K screen and any other gadget you may need in your job.
· Sport activities support.
 We care about your physical wellbeing and support your gym membership.
· Learning never ends!
 Training budget to help you grow in your role, gain new skills, and learn new things!
· Udemy Free Pass.
 An unlimited Udemy subscription.
· Flexible schedule & unlimited vacations.
 This isn’t a “clock in, clock out” company. We care about your productivity, not tracking every minute you’re on site. It’s up to you to always be responsible with your work, no matter where you are or what schedule you’re keeping.
· English course support.
 Be more global and perform best at your work.
· Comprehensive well-being support.
 Through our partnership with Meditopia, we now offer free psychological counseling, along with additional services like dietitian, personal trainer, parenting consultant, physiotherapist, child & adolescent therapist, and face-to-face counseling for employees in Istanbul.
· A Top-Notch Office.
 Located at the heart of Istanbul, right next to Levent Metro Station at Ferko Signature.
· Codebucks.
 Yes, you’ve heard it right: We love coffee so much that we’ve built our own coffee shop inside our office, where we also provide healthy snacks at certain hours.
· Free breakfast.
 At Codebucks - every morning at 9:30 AM.
· No Dress Code.
 Dress as you like.
· Happy hours every Friday.
 Every. Single. Friday. When it’s 5 PM: Screens off, party on! (Check out Codeway on Instagram)
· Dream Team.
 Average Codeway member is young, talented, and passionate - which makes our working environment extremely dynamic. Need proof? Take a look at our Instagram.
· Gaming area.
 Whenever you need to take a break from hard work and relax with your favorite games, our PS5 corner will be waiting for you.
· Software support.
 Subscription to any software you might need to perform at your best.
· Relocation support to Istanbul.
 We understand how difficult moving can be, especially if you are changing cities. If you’re the talent we’re looking for, we support you in your relocation to Istanbul.
· Safety Relocation Support.
 A one-time payment is made to our employees residing in Istanbul who do not feel safe in their home due to earthquakes, in order to support their relocation to earthquake-resistant buildings.
· Public Transportation Support.
 Daily public transportation support is on us, covered by an additional monthly compensation.
· Parent Support. 
Becoming a parent is a big moment, and Codeway celebrates it with you. We offer a one-time grant to support our new parents.
· Massage Room. 
When you need a moment to recharge and unwind, our massage chair room will be ready to offer you a relaxing break.
THE RECRUITING PROCESS
We are committed to keeping our recruitment process short and transparent. Here’s how it looks like:
1. Application:
 Send us your CV or LinkedIn profile. You can also just write a few words about yourself.
2. Case Study:
 We might send you a task to solve.
3. Talent & Culture Interview:
 Let’s talk about your experience & expectations and see what we can achieve together.
4. Technical Interview:
 You will meet with future team lead to go over the case and your technical capabilities in detail.
5. Reference Check: 
We will contact your references to gain insights into your past experiences and work ethic.
6. Welcome Aboard!
 You are now a part of the team.
Your personal data that will be collected through your applications made due to this advertisement will be processed automatically by the data controller Codeway in accordance with the Personal Data Protection Law No. 6698 (""KVKK"") and relevant legislation for the purpose of conducting job application processes. You can access detailed information on this matter from the ""Candidate Information Notice"" page at
https://www.codeway.co
.
Bu ilan sebebiyle yapacağınız başvurular aracılığıyla toplanacak kişisel verileriniz veri sorumlusu Codeway tarafından 6698 sayılı Kişisel Verilerin Korunması Kanunu (“KVKK”) ve ilgili mevzuat kapsamında iş başvuru süreçlerinin yürütülmesi amacıyla otomatik yollarla işlenecektir. Detaylı bilgiye
 https://www.codeway.co
 adresindeki Aday Aydınlatma Metnimizin sayfasından ulaşabilirsiniz.        
            
                            
            ",0,0,0,0,2024-10-19 22:04:30.167090
Generative AI R&D Engineer,ICterra Information and Communication Technologies,"Istanbul, Türkiye",2024-10-14,https://www.linkedin.com/jobs/view/4047804994/,"ABOUT US
ICterra is a global software engineering company with offices in Munich, London, Wroclaw, İstanbul and Ankara. We combine 30 years of software development experience with technology expertise and proven methodologies to provide innovative solutions to our customers across multiple industries globally. With 200+ software professionals, we have been building strategic partnerships with the world’s top IT and defence companies, providing software development and test services.
We are seeking talented R&D Engineers, who will be responsible for developing and implementing cutting-edge generative AI models and algorithms, to join our Generative AI Team. You will collaborate with cross-functional teams to create innovative solutions leveraging generative AI techniques for various applications such as text synthesis and creative content creation. This role requires a deep understanding of machine learning and a creative mindset to push the boundaries of generative AI technology.
You will be working closely with highly skilled R&D engineers, software engineers and business analysts in a fast-paced environment with a proactive mindset to deliver scalable machine learning models to production, starting from the R&D phase and conduct post-deployment maintenance and monitoring. As an R&D Engineer, you will take part in every phase of the project development lifecycle including analysis, technical design, prototyping, model development, testing and integration to core banking systems.
Required Skills and Attributes:
- Having, pursuing or willing to have an MSc or PhD degree from Computer or Electrical and Electronics Engineering in a field related to Machine Learning
- Demonstrated expertise in coding and problem solving using Python, proficiency in using deep learning frameworks like TensorFlow, Keras or PyTorch
- Extensive experience and fluency in data analysis, transformation and visualization utilizing libraries such as pandas, numpy, matplotlib, scipy and scikit-learn
- Solid understanding of machine learning techniques, algorithms and tools with exposure to CNNs, RNNs, LSTMs, GRUs, GANs and Transformers (BERT, BART, GPT/T5, Megatron, LLMs, LLAMA2, Mistral)
- Hands-on experience in conversational AI technologies like Natural Language Understanding, Natural Language Generation, Dialog Systems (including system integration, state tracking and action prediction), Information Retrieval and Question and Answering, Machine Translation
- Solid understanding of Retrieval Augmented Generation to develop high-impact products with Large Language Models
- Development experience in large scale multimodal information retrieval systems leveraging open source frameworks such as LlamaIndex, LangChain, FAISS, Haystack
- Experience developing production ready applications powered by LLMs and tools with natural language interfaces
- Stay abreast of latest advancements in generative AI, machine learning and related fields. Conduct in-depth research to identify and understand state-of-the-art generative models. Propose, design and implement novel generative AI algorithms and models
- Develop and train generative AI models on large datasets. Optimize models for efficiency, scalability and real-world applicability. Fine-tune models to achieve desired performance metrics and results
- Build prototypes and proof-of-concept applications to showcase capabilities of generative AI for various use cases
- Strong understanding of the machine learning project development pipeline from data processing to training and testing
- Understanding of the MLOps lifecycle and experience with MLOps workflows, traceability, model and dataset versioning
- Authoring clear and concise documentation including technical specifications, user guides and presentations to communicate complex AI concepts to both technical and non-technical stakeholders
- Eager to follow technical literature and willing to contribute actively by publishing academic papers in international conferences
Preferred Skills and Attributes:
- Experience with version control systems (Git, Git LFS, …)
- Experience with object-oriented programming languages (Java, C#, C++, …)
- Familiarity with Linux (Debian, Ubuntu, Fedora, RHEL, …)
- Experience in building and consuming web services (REST, SOAP, gRPC, …)
- Experience with SQL databases (Oracle, PostgreSQL, SQL Server, …)
- Experience with NoSQL databases (MongoDB, Redis, Apache Cassandra, …)
- Experience with containerization and orchestration tools (Docker, Podman, Kubernetes, …)
- Experience with cloud computing platforms (AWS, Azure, Google, …)
- Experience with data visualization tools (Power BI, Tableau, …)
- Experience with workflow tools (Apache Airflow, Kubeflow, MLflow, …)        
            
                            
            ",0,0,0,0,2024-10-19 22:04:30.167090
Senior AI-Enhanced BMS Engineer,BlackTeal Energy,"Istanbul, Türkiye",2024-10-17,https://www.linkedin.com/jobs/view/4052182322/,Could not find Job Description,0,0,0,0,2024-10-19 22:04:30.167090
Senior Data Engineer,HangiKredi,"Ümraniye, Istanbul, Türkiye",2024-10-14,https://www.linkedin.com/jobs/view/4047627783/,Could not find Job Description,0,0,0,0,2024-10-19 22:04:30.167090
Software Engineering Manager 'Call Center Application Development',Yapı Kredi Teknoloji,"Istanbul, Türkiye",2024-10-16,https://www.linkedin.com/jobs/view/4049159874/,Could not find Job Description,0,0,0,0,2024-10-19 22:04:30.167090
