id,title,score,num_comments,author,created_utc,url,over_18,edited,spoiler,stickied
1g73b0g,All this Databricks vs Snowflake rivalry is BS,156,28,DataOnDrugs,2024-10-19 07:01:03,https://www.reddit.com/r/dataengineering/comments/1g73b0g/all_this_databricks_vs_snowflake_rivalry_is_bs/,False,False,False,False
1g6t40a,How much statistics do you use as a data engineer?,37,42,what_duck,2024-10-18 21:25:26,https://www.reddit.com/r/dataengineering/comments/1g6t40a/how_much_statistics_do_you_use_as_a_data_engineer/,False,False,False,False
1g776eu,"The future of open-table formats (e.g. Iceberg, Delta)",31,17,elongl,2024-10-19 11:51:23,https://www.reddit.com/r/dataengineering/comments/1g776eu/the_future_of_opentable_formats_eg_iceberg_delta/,False,False,False,False
1g7757m,How do you think of what columns to use as a primary key?,27,69,Miscellaneouscritter,2024-10-19 11:49:11,https://www.reddit.com/r/dataengineering/comments/1g7757m/how_do_you_think_of_what_columns_to_use_as_a/,False,False,False,False
1g79p4c,Big data Project ,11,4,newreichminister,2024-10-19 14:07:47,https://www.reddit.com/r/dataengineering/comments/1g79p4c/big_data_project/,False,False,False,False
1g6wvte,Could someone explain to me what a Data Platform Engineer is? What exactly do they do and how are they different from Data Engineers?,8,7,LyleLanleysMonorail,2024-10-19 00:28:33,https://www.reddit.com/r/dataengineering/comments/1g6wvte/could_someone_explain_to_me_what_a_data_platform/,False,False,False,False
1g7bfbb,Better way to orchestrate AWS Glue jobs for data ingestion at scale?,8,7,koteikin,2024-10-19 15:30:50,https://www.reddit.com/r/dataengineering/comments/1g7bfbb/better_way_to_orchestrate_aws_glue_jobs_for_data/,False,False,False,False
1g6twhc,Need advice on moving on from SSIS but without Python,9,17,Mugiwara_JTres3,2024-10-18 22:01:22,https://www.reddit.com/r/dataengineering/comments/1g6twhc/need_advice_on_moving_on_from_ssis_but_without/,False,False,False,False
1g7198y,Is there a scope for data engineers to get extra part time job like software engineers?,10,4,bhoo1,2024-10-19 04:36:55,https://www.reddit.com/r/dataengineering/comments/1g7198y/is_there_a_scope_for_data_engineers_to_get_extra/,False,False,False,False
1g6yur8,Lead Data Engineer Duties,5,15,Used_Ad_2628,2024-10-19 02:14:41,https://www.reddit.com/r/dataengineering/comments/1g6yur8/lead_data_engineer_duties/,False,False,False,False
1g79rzy,Resources on query optimization in postgres,6,1,monkblues,2024-10-19 14:11:44,https://www.reddit.com/r/dataengineering/comments/1g79rzy/resources_on_query_optimization_in_postgres/,False,False,False,False
1g77yql,Fast data filtering - novel solution or plain old DB?,3,6,CountQuackersThe3rd,2024-10-19 12:38:30,https://www.reddit.com/r/dataengineering/comments/1g77yql/fast_data_filtering_novel_solution_or_plain_old_db/,False,False,False,False
1g78psr,Who else is new to Airflow?,6,4,SquidsAndMartians,2024-10-19 13:17:10,https://www.reddit.com/r/dataengineering/comments/1g78psr/who_else_is_new_to_airflow/,False,False,False,False
1g762de,Has anyone used Amazon MSK Connect?,3,0,RealEscape,2024-10-19 10:34:00,https://www.reddit.com/r/dataengineering/comments/1g762de/has_anyone_used_amazon_msk_connect/,False,False,False,False
1g75his,I have non technical background. Can i make it?,5,15,Jamalhasan619,2024-10-19 09:51:12,https://www.reddit.com/r/dataengineering/comments/1g75his/i_have_non_technical_background_can_i_make_it/,False,False,False,False
1g74q67,Data extraction pipeline validation,2,1,dvdsdr,2024-10-19 08:51:07,https://www.reddit.com/r/dataengineering/comments/1g74q67/data_extraction_pipeline_validation/,False,False,False,False
1g73koe,+3 hours of Microsoft Fabric Data Pipeline Tutorials,5,0,aleks1ck,2024-10-19 07:20:35,https://www.reddit.com/r/dataengineering/comments/1g73koe/3_hours_of_microsoft_fabric_data_pipeline/,False,False,False,False
1g6wr6l,Looking for Mentor and/or Courses for Old-School SQL Server,2,1,i_am_baldilocks,2024-10-19 00:21:54,https://www.reddit.com/r/dataengineering/comments/1g6wr6l/looking_for_mentor_andor_courses_for_oldschool/,False,False,False,False
1g6uo03,creating visualization (a map) Aws SageMaker ,3,2,No_Violinist_1329,2024-10-18 22:37:46,https://www.reddit.com/r/dataengineering/comments/1g6uo03/creating_visualization_a_map_aws_sagemaker/,False,False,False,False
1g7ghq6,Running Airflow in GCP Cloud Run ,1,4,Immediate-Reward-287,2024-10-19 19:22:05,https://www.reddit.com/r/dataengineering/comments/1g7ghq6/running_airflow_in_gcp_cloud_run/,False,False,False,False
1g7allr,Need help ,1,1,Siddboss195803,2024-10-19 14:52:43,https://www.reddit.com/r/dataengineering/comments/1g7allr/need_help/,False,False,False,False
1g7g5ah,From hero to zero,0,10,geedijuniir,2024-10-19 19:06:16,https://www.reddit.com/r/dataengineering/comments/1g7g5ah/from_hero_to_zero/,False,False,False,False
1g73bfz,"Umpteenth SHOULD I post,  I hope you enjoy",0,1,dhumantorch,2024-10-19 07:01:43,https://www.reddit.com/r/dataengineering/comments/1g73bfz/umpteenth_should_i_post_i_hope_you_enjoy/,False,False,False,False
1g7ewya,data extraction from emails,0,2,ChallengerAlgorithm,2024-10-19 18:09:57,https://www.reddit.com/r/dataengineering/comments/1g7ewya/data_extraction_from_emails/,False,False,False,False
1g6thuu,Introducing Fireball-Meta-Llama-3.1-8B-Instruct-Agent-0.003-128K-code-ds: A Game-Changer in Data Science!,0,3,Haunting-Ad6565,2024-10-18 21:42:50,https://www.reddit.com/r/dataengineering/comments/1g6thuu/introducing/,False,False,False,False
1g74r6m,Thoughts on One dbt?,0,2,engineer_of-sorts,2024-10-19 08:53:21,https://www.reddit.com/r/dataengineering/comments/1g74r6m/thoughts_on_one_dbt/,False,False,False,False
1g79pkp,Introduction to Synapse Warehouse in Microsoft Fabric,0,2,Nice_Substance_6594,2024-10-19 14:08:26,https://www.reddit.com/r/dataengineering/comments/1g79pkp/introduction_to_synapse_warehouse_in_microsoft/,False,False,False,False
